student_id,name,gender,dob,phone,city
1,Anjali Reddy,Female,2004-02-17,9102129027,Pune
2,Ravi Mehta,Male,2004-06-30,9591671105,Chennai
3,Nisha Patel,Female,2007-04-04,9559094781,Chennai
4,Neha Mehta,Female,1991-10-16,9973641465,Kolkata
5,Rohit Reddy,Male,1991-08-07,9741057055,Hyderabad
6,Rohit Mehta,Male,1993-11-08,9449869768,Pune
7,Isha Gupta,Female,1998-10-14,9481409682,Hyderabad
8,Anjali Mehta,Female,2008-01-01,9948320928,Indore
9,Pooja Verma,Female,2007-12-22,9504971682,Delhi
10,Kunal Sharma,Male,2003-06-11,9361449063,Mumbai
11,Sneha Sharma,Female,1997-04-23,9197306610,Mumbai
12,Priya Das,Female,2010-04-12,9676109971,Kolkata
13,Ravi Kumar,Male,1995-03-14,9830983608,Pune
14,Arjun Gupta,Male,1990-05-12,9249811343,Mumbai
15,Nisha Gupta,Female,1993-11-04,9886840279,Chennai
16,Ankit Reddy,Male,1992-07-25,9400678297,Chennai
17,Suresh Iyer,Male,2002-11-13,9747483710,Indore
18,Suresh Verma,Male,1994-05-05,9582382204,Pune
19,Anjali Kumar,Female,2007-09-17,9920040194,Lucknow
20,Rohit Singh,Male,1998-07-07,9458323446,Chennai
21,Priya Sharma,Female,1992-11-20,9293626830,Kolkata
22,Pooja Kumar,Female,2003-02-05,9110220368,Jaipur
23,Priya Iyer,Female,2004-04-03,9263413373,Delhi
24,Aarti Gupta,Female,1997-10-25,9183310418,Indore
25,Rohit Mehta,Male,1997-01-02,9301874360,Mumbai
26,Kavya Iyer,Female,2004-04-27,9784785135,Delhi
27,Amit Verma,Male,1998-01-03,9524083254,Chennai
28,Kavya Patel,Female,1993-04-28,9464994777,Jaipur
29,Ankit Iyer,Male,1996-12-06,9883163397,Kolkata
30,Priya Reddy,Female,1999-01-02,9149926914,Hyderabad
31,Ankit Das,Male,2002-10-28,9443994069,Mumbai
32,Ankit Verma,Male,1998-10-03,9514480477,Pune
33,Kavya Gupta,Female,1993-10-04,9385523114,Jaipur
34,Anjali Mehta,Female,2009-05-17,9420144490,Indore
35,Aditya Mehta,Male,1997-09-03,9695286157,Chennai
36,Aarti Das,Female,2000-02-06,9612364703,Delhi
37,Vikas Singh,Male,1996-02-09,9563040140,Delhi
38,Amit Verma,Male,2004-09-15,9365690855,Mumbai
39,Isha Mehta,Female,1993-04-06,9119838516,Hyderabad
40,Ravi Verma,Male,2006-04-22,9200395716,Kolkata
41,Aditya Patel,Male,1992-08-18,9273096785,Jaipur
42,Nisha Gupta,Female,1997-12-17,9922068510,Lucknow
43,Nisha Patel,Female,2004-07-06,9147184327,Delhi
44,Rohit Mehta,Male,1999-10-27,9788762742,Bengaluru
45,Priya Das,Female,2010-01-12,9376825585,Lucknow
46,Rohit Gupta,Male,1993-10-25,9822964333,Chennai
47,Priya Reddy,Female,2007-08-18,9173086613,Lucknow
48,Pooja Reddy,Female,2010-06-16,9862110303,Bengaluru
49,Ankit Patel,Male,1991-01-22,9679033758,Mumbai
50,Arjun Singh,Male,1993-07-29,9460211609,Pune
51,Nisha Iyer,Female,1997-09-03,9319619366,Bengaluru
52,Isha Reddy,Female,1996-10-06,9296707311,Indore
53,Arjun Verma,Male,2001-07-07,9236978189,Indore
54,Ankit Reddy,Male,1992-12-19,9363303912,Mumbai
55,Rahul Verma,Male,2007-12-27,9939978385,Mumbai
56,Riya Kumar,Female,1998-04-17,9239477394,Bengaluru
57,Rahul Reddy,Male,1994-07-06,9944696716,Lucknow
58,Rohit Gupta,Male,1999-04-24,9874910548,Bengaluru
59,Priya Kumar,Female,2003-09-05,9938415296,Mumbai
60,Riya Sharma,Female,2010-01-04,9767274598,Hyderabad
61,Pooja Gupta,Female,1998-01-24,9220123053,Bengaluru
62,Arjun Das,Male,2002-01-21,9770351902,Indore
63,Suresh Verma,Male,1992-05-11,9287081109,Mumbai
64,Ankit Kumar,Male,2003-12-03,9967060624,Delhi
65,Rohit Singh,Male,2005-07-02,9971943781,Delhi
66,Rohit Mehta,Male,1996-05-28,9567945681,Chennai
67,Aditya Patel,Male,2007-10-06,9222180726,Pune
68,Riya Verma,Female,1999-09-07,9800080166,Pune
69,Amit Verma,Male,1997-10-26,9458001942,Hyderabad
70,Kavya Reddy,Female,1993-07-20,9216330871,Kolkata
71,Suresh Sharma,Male,1991-06-22,9595249066,Chennai
72,Rahul Iyer,Male,2004-11-02,9324014303,Lucknow
73,Aarti Mehta,Female,2004-01-29,9757682309,Lucknow
74,Arjun Iyer,Male,1994-10-29,9926366984,Lucknow
75,Arjun Verma,Male,2009-11-20,9111689936,Mumbai
76,Aditya Das,Male,2000-05-14,9739244016,Hyderabad
77,Sneha Mehta,Female,2003-09-22,9531434837,Lucknow
78,Kunal Patel,Male,2009-12-04,9901374145,Hyderabad
79,Amit Das,Male,2002-11-16,9543522808,Indore
80,Ankit Kumar,Male,1994-08-26,9762321229,Indore
81,Kunal Patel,Male,2004-03-24,9535841044,Kolkata
82,Suresh Singh,Male,2009-10-21,9607984895,Hyderabad
83,Amit Sharma,Male,2000-05-25,9794994405,Bengaluru
84,Priya Gupta,Female,1998-05-04,9745370664,Lucknow
85,Rahul Gupta,Male,2009-05-15,9246339328,Chennai
86,Sneha Iyer,Female,2004-03-01,9981009260,Delhi
87,Priya Verma,Female,2006-09-16,9349888527,Chennai
88,Isha Gupta,Female,2004-12-30,9211901593,Jaipur
89,Sneha Reddy,Female,2003-10-23,9673013242,Lucknow
90,Arjun Gupta,Male,1997-04-25,9371169048,Indore
91,Aarti Kumar,Female,2007-05-18,9417328980,Hyderabad
92,Kavya Das,Female,1995-12-03,9729125797,Delhi
93,Pooja Sharma,Female,2009-05-22,9474737585,Chennai
94,Priya Singh,Female,2001-09-26,9503753227,Indore
95,Aarti Sharma,Female,2007-01-11,9130981554,Chennai
96,Isha Sharma,Female,2006-08-08,9541405730,Pune
97,Rahul Patel,Male,1994-01-23,9777739654,Bengaluru
98,Rahul Mehta,Male,1997-11-30,9553966491,Lucknow
99,Ravi Reddy,Male,2002-03-05,9502320964,Kolkata
100,Vikas Iyer,Male,2010-10-31,9885817442,Hyderabad
101,Priya Verma,Female,2007-02-03,9353170637,Pune
102,Rohit Sharma,Male,1994-02-22,9111041279,Mumbai
103,Isha Gupta,Female,2010-10-08,9116868411,Hyderabad
104,Rahul Gupta,Male,1992-07-10,9312153847,Delhi
105,Pooja Patel,Female,1998-08-28,9563202571,Bengaluru
106,Vikas Iyer,Male,1997-05-07,9532823592,Mumbai
107,Sneha Sharma,Female,2002-09-17,9775202595,Pune
108,Vikas Das,Male,1996-09-14,9101979739,Lucknow
109,Kunal Verma,Male,2000-12-24,9677103240,Bengaluru
110,Amit Iyer,Male,1998-08-13,9992017308,Delhi
111,Kunal Patel,Male,2003-09-05,9983633992,Jaipur
112,Aditya Das,Male,1996-05-06,9118310512,Lucknow
113,Isha Verma,Female,2009-11-18,9506105263,Indore
114,Anjali Das,Female,1992-03-25,9922590337,Pune
115,Nisha Patel,Female,1993-12-01,9477896899,Lucknow
116,Aditya Gupta,Male,2009-12-14,9230675074,Bengaluru
117,Rohit Gupta,Male,2002-06-15,9691360607,Jaipur
118,Suresh Reddy,Male,1990-08-30,9406185275,Pune
119,Amit Kumar,Male,2001-03-06,9643932055,Jaipur
120,Kunal Verma,Male,1996-12-10,9934330556,Indore
121,Vikas Gupta,Male,2010-03-13,9282840280,Kolkata
122,Arjun Das,Male,2008-11-22,9733533305,Jaipur
123,Kavya Sharma,Female,1991-11-04,9905048261,Kolkata
124,Rohit Sharma,Male,2006-10-10,9846635643,Delhi
125,Sneha Sharma,Female,1998-03-18,9115117517,Lucknow
126,Kunal Singh,Male,1996-10-12,9584638539,Pune
127,Vikas Mehta,Male,1994-02-27,9901525908,Indore
128,Arjun Verma,Male,2001-05-25,9472071558,Jaipur
129,Rahul Das,Male,1999-08-24,9246980750,Kolkata
130,Ankit Iyer,Male,1992-09-30,9406253164,Mumbai
131,Priya Verma,Female,2003-05-09,9176426203,Hyderabad
132,Rohit Gupta,Male,2004-12-18,9831943584,Jaipur
133,Riya Mehta,Female,2007-06-04,9841216827,Hyderabad
134,Priya Kumar,Female,1991-03-23,9763079391,Hyderabad
135,Amit Iyer,Male,2009-01-13,9138549378,Chennai
136,Priya Patel,Female,1990-02-26,9985692368,Hyderabad
137,Vikas Reddy,Male,2010-08-17,9787524806,Lucknow
138,Kunal Iyer,Male,2010-05-15,9530091412,Mumbai
139,Isha Singh,Female,2001-03-02,9988116408,Indore
140,Pooja Gupta,Female,1991-09-03,9700645270,Jaipur
141,Neha Reddy,Female,1998-12-01,9702640904,Lucknow
142,Riya Gupta,Female,1997-04-14,9586559199,Delhi
143,Sneha Gupta,Female,1995-07-06,9446479596,Bengaluru
144,Isha Iyer,Female,1995-10-30,9596774759,Indore
145,Ankit Verma,Male,1991-04-05,9272238238,Kolkata
146,Ankit Iyer,Male,1999-09-21,9418756490,Pune
147,Amit Iyer,Male,1996-10-21,9378748466,Hyderabad
148,Aditya Iyer,Male,1999-02-10,9633168239,Bengaluru
149,Isha Reddy,Female,2008-08-16,9793672307,Pune
150,Pooja Gupta,Female,2006-01-19,9686725438,Bengaluru
151,Rahul Kumar,Male,1999-04-04,9705095356,Bengaluru
152,Vikas Singh,Male,2003-02-04,9836492563,Jaipur
153,Suresh Gupta,Male,1998-12-12,9443334631,Indore
154,Arjun Patel,Male,2000-07-20,9793152945,Bengaluru
155,Suresh Verma,Male,1992-09-01,9757287287,Jaipur
156,Priya Sharma,Female,1999-10-22,9322812481,Lucknow
157,Aarti Patel,Female,1997-10-06,9944927287,Hyderabad
158,Rahul Singh,Male,2007-08-20,9754901295,Indore
159,Vikas Verma,Male,1998-01-16,9157973549,Indore
160,Vikas Patel,Male,1993-02-27,9543704886,Pune
161,Nisha Sharma,Female,1993-09-12,9835409255,Pune
162,Anjali Mehta,Female,1991-05-19,9100782317,Lucknow
163,Riya Kumar,Female,2007-10-20,9217610912,Delhi
164,Isha Sharma,Female,1996-07-21,9563866134,Pune
165,Riya Verma,Female,1994-04-01,9996745125,Lucknow
166,Amit Mehta,Male,1997-01-29,9481335490,Chennai
167,Amit Das,Male,2007-12-10,9832805390,Bengaluru
168,Amit Verma,Male,1997-12-28,9149722638,Lucknow
169,Pooja Kumar,Female,1993-11-08,9565854882,Indore
170,Isha Singh,Female,1992-08-20,9189659894,Kolkata
171,Kavya Verma,Female,2002-12-14,9837032258,Lucknow
172,Amit Gupta,Male,1997-09-08,9605218829,Lucknow
173,Sneha Iyer,Female,2006-02-27,9614970475,Mumbai
174,Isha Das,Female,1999-06-22,9792440127,Kolkata
175,Pooja Kumar,Female,2006-03-18,9740373022,Mumbai
176,Neha Mehta,Female,2006-12-29,9670349978,Chennai
177,Isha Reddy,Female,2009-04-27,9439065995,Kolkata
178,Riya Verma,Female,2006-03-20,9865102646,Lucknow
179,Aditya Kumar,Male,1994-01-15,9827545598,Hyderabad
180,Rahul Iyer,Male,2002-11-27,9205500940,Bengaluru
181,Sneha Singh,Female,1998-12-22,9593931942,Jaipur
182,Anjali Iyer,Female,1996-01-11,9319198313,Jaipur
183,Vikas Reddy,Male,1998-04-27,9869821570,Jaipur
184,Sneha Singh,Female,2002-01-17,9350668832,Indore
185,Rahul Mehta,Male,1996-11-11,9213970643,Lucknow
186,Kavya Mehta,Female,2010-04-17,9485373797,Bengaluru
187,Amit Gupta,Male,2005-10-21,9156836259,Jaipur
188,Kavya Kumar,Female,2006-12-12,9354307090,Bengaluru
189,Sneha Sharma,Female,2000-06-24,9254020998,Lucknow
190,Aditya Sharma,Male,1999-01-06,9960533540,Delhi
191,Aarti Verma,Female,1993-08-10,9366901635,Indore
192,Neha Das,Female,2002-08-23,9455063120,Mumbai
193,Rohit Gupta,Male,1992-12-26,9180124343,Kolkata
194,Isha Gupta,Female,1995-01-07,9471898018,Kolkata
195,Kunal Sharma,Male,2001-01-02,9756671413,Bengaluru
196,Kunal Reddy,Male,1997-11-02,9910029434,Indore
197,Vikas Iyer,Male,1998-09-13,9902342419,Chennai
198,Vikas Verma,Male,1994-06-17,9162441951,Mumbai
199,Anjali Sharma,Female,1999-04-03,9199707306,Chennai
200,Priya Kumar,Female,1999-03-18,9737542985,Bengaluru
201,Kavya Kumar,Female,1994-08-27,9484991991,Jaipur
202,Rahul Verma,Male,2003-07-27,9694449756,Jaipur
203,Neha Singh,Female,2001-02-02,9256907945,Lucknow
204,Kunal Verma,Male,2010-06-04,9311903498,Mumbai
205,Riya Iyer,Female,1991-06-18,9178948125,Mumbai
206,Ankit Verma,Male,2000-12-31,9651999570,Lucknow
207,Arjun Gupta,Male,2002-09-03,9706652481,Chennai
208,Rahul Gupta,Male,2004-09-12,9251038197,Mumbai
209,Sneha Mehta,Female,2005-07-07,9129133105,Hyderabad
210,Sneha Sharma,Female,1997-02-24,9716944234,Mumbai
211,Arjun Sharma,Male,1999-10-16,9651199477,Lucknow
212,Pooja Gupta,Female,2001-09-20,9710186160,Chennai
213,Ankit Verma,Male,2001-05-06,9453091911,Hyderabad
214,Pooja Mehta,Female,2005-10-03,9873330951,Chennai
215,Aarti Gupta,Female,1999-06-07,9617378532,Indore
216,Riya Kumar,Female,1994-05-20,9346765641,Bengaluru
217,Neha Iyer,Female,1991-07-18,9736386906,Lucknow
218,Arjun Singh,Male,2006-12-22,9277882733,Indore
219,Sneha Reddy,Female,2002-06-02,9512024381,Indore
220,Arjun Sharma,Male,1991-01-24,9390418561,Lucknow
221,Suresh Kumar,Male,1993-06-04,9834911989,Mumbai
222,Arjun Mehta,Male,1996-11-28,9979850825,Hyderabad
223,Pooja Iyer,Female,2004-11-28,9434897748,Indore
224,Priya Sharma,Female,2000-10-11,9652101476,Kolkata
225,Pooja Iyer,Female,1999-10-28,9713489416,Pune
226,Pooja Mehta,Female,1998-01-28,9222520190,Indore
227,Vikas Reddy,Male,2009-06-02,9603912355,Jaipur
228,Amit Mehta,Male,2005-09-09,9568829962,Mumbai
229,Anjali Reddy,Female,1997-03-10,9480974240,Hyderabad
230,Neha Gupta,Female,2002-01-24,9412880426,Bengaluru
231,Aditya Sharma,Male,2006-04-15,9378002585,Delhi
232,Aditya Sharma,Male,1996-04-29,9139946053,Bengaluru
233,Aditya Singh,Male,1996-09-17,9783873652,Kolkata
234,Aarti Kumar,Female,2002-03-03,9494639765,Chennai
235,Neha Iyer,Female,1999-11-10,9461674132,Delhi
236,Anjali Kumar,Female,1991-04-24,9946957976,Chennai
237,Anjali Reddy,Female,2003-04-16,9764794701,Jaipur
238,Ankit Das,Male,1999-09-24,9563490517,Hyderabad
239,Ankit Singh,Male,1997-06-20,9105383932,Kolkata
240,Arjun Reddy,Male,1993-11-23,9182868578,Pune
241,Ravi Singh,Male,1993-04-06,9737749222,Mumbai
242,Neha Gupta,Female,2010-06-12,9753950748,Chennai
243,Kunal Patel,Male,2002-12-09,9598106373,Hyderabad
244,Pooja Patel,Female,2009-12-15,9190991193,Bengaluru
245,Neha Verma,Female,1995-05-30,9773531098,Mumbai
246,Priya Iyer,Female,1990-09-28,9601662756,Kolkata
247,Amit Sharma,Male,2003-05-18,9367014228,Indore
248,Rahul Mehta,Male,1993-07-15,9752510919,Pune
249,Neha Mehta,Female,2008-06-01,9584476786,Mumbai
250,Kavya Verma,Female,2006-06-19,9709113510,Pune
251,Amit Reddy,Male,2004-01-27,9577413428,Pune
252,Rohit Das,Male,2002-04-12,9529313364,Chennai
253,Pooja Iyer,Female,1992-02-19,9689645488,Delhi
254,Suresh Kumar,Male,2006-01-14,9711250489,Jaipur
255,Isha Gupta,Female,2008-01-19,9130771694,Kolkata
256,Ravi Sharma,Male,2004-06-25,9647940746,Lucknow
257,Kunal Verma,Male,2001-02-24,9925276051,Chennai
258,Ravi Kumar,Male,1992-10-17,9523323695,Delhi
259,Neha Das,Female,2002-08-15,9797351037,Indore
260,Priya Patel,Female,2005-03-19,9813794336,Delhi
261,Isha Reddy,Female,2010-07-27,9379655277,Mumbai
262,Aditya Mehta,Male,1993-08-10,9415231563,Hyderabad
263,Arjun Singh,Male,2006-01-21,9709698235,Jaipur
264,Rohit Gupta,Male,2005-09-04,9970836416,Lucknow
265,Sneha Das,Female,1995-06-26,9685179374,Mumbai
266,Isha Patel,Female,2002-01-26,9840566199,Kolkata
267,Kunal Kumar,Male,2010-12-28,9136045300,Hyderabad
268,Ankit Iyer,Male,1998-05-20,9392501749,Kolkata
269,Aarti Reddy,Female,2008-08-07,9444690846,Mumbai
270,Sneha Das,Female,1993-02-22,9392986572,Mumbai
271,Aditya Patel,Male,1995-01-03,9550946454,Kolkata
272,Isha Singh,Female,1998-09-10,9436540653,Hyderabad
273,Sneha Mehta,Female,1997-05-22,9621106301,Chennai
274,Vikas Patel,Male,1993-05-06,9925987415,Delhi
275,Amit Singh,Male,2004-07-06,9899870032,Pune
276,Ravi Singh,Male,2005-08-24,9441777595,Mumbai
277,Anjali Patel,Female,1996-09-03,9416347234,Lucknow
278,Vikas Reddy,Male,1999-02-13,9933001821,Kolkata
279,Neha Iyer,Female,1994-07-26,9615867394,Pune
280,Ravi Sharma,Male,1999-04-16,9524923926,Lucknow
281,Kunal Gupta,Male,1993-10-04,9424571386,Indore
282,Neha Das,Female,1996-06-03,9693486959,Lucknow
283,Amit Singh,Male,2008-10-01,9510510315,Jaipur
284,Kunal Reddy,Male,1991-07-11,9473035550,Jaipur
285,Priya Sharma,Female,1992-12-30,9854769028,Indore
286,Priya Singh,Female,2007-05-30,9142618807,Hyderabad
287,Vikas Sharma,Male,2010-08-26,9334106413,Jaipur
288,Ankit Singh,Male,2009-02-12,9248633253,Bengaluru
289,Rohit Das,Male,2007-07-09,9952097101,Delhi
290,Aditya Verma,Male,1998-01-09,9397637386,Pune
291,Anjali Sharma,Female,2009-05-04,9935934570,Indore
292,Isha Kumar,Female,2007-03-03,9915907144,Delhi
293,Rohit Singh,Male,1996-11-05,9766985488,Delhi
294,Kavya Patel,Female,2007-05-11,9295419049,Delhi
295,Arjun Patel,Male,1993-06-14,9395639055,Indore
296,Suresh Singh,Male,1994-09-22,9973629799,Mumbai
297,Rohit Mehta,Male,1999-09-27,9764724236,Mumbai
298,Ankit Verma,Male,1999-08-03,9553749512,Pune
299,Vikas Sharma,Male,2003-06-24,9730585328,Indore
300,Sneha Gupta,Female,2010-01-31,9135737150,Indore
301,Suresh Reddy,Male,1996-07-21,9872685388,Bengaluru
302,Vikas Patel,Male,2010-10-29,9880994622,Indore
303,Rohit Iyer,Male,2006-11-06,9185622069,Pune
304,Rahul Kumar,Male,2001-01-27,9484016857,Pune
305,Riya Kumar,Female,2010-01-20,9813903183,Jaipur
306,Nisha Singh,Female,2003-05-01,9881468920,Jaipur
307,Riya Verma,Female,1995-06-03,9528293764,Mumbai
308,Riya Mehta,Female,1996-08-02,9758662353,Delhi
309,Kunal Mehta,Male,1999-02-01,9160842517,Bengaluru
310,Aditya Kumar,Male,1999-02-15,9741766434,Jaipur
311,Kunal Patel,Male,2009-06-06,9260749631,Delhi
312,Ankit Gupta,Male,1998-12-16,9875736352,Indore
313,Aditya Sharma,Male,2009-08-24,9196019246,Mumbai
314,Arjun Reddy,Male,2008-12-15,9876683622,Bengaluru
315,Aditya Mehta,Male,2000-10-11,9378507090,Pune
316,Kunal Patel,Male,2005-12-03,9143438880,Lucknow
317,Nisha Mehta,Female,2005-09-14,9393989680,Delhi
318,Ankit Gupta,Male,1999-10-26,9138855017,Delhi
319,Vikas Verma,Male,1990-10-21,9240724976,Hyderabad
320,Neha Gupta,Female,2000-07-10,9891566583,Jaipur
321,Isha Patel,Female,1990-08-26,9388654023,Pune
322,Ravi Gupta,Male,2008-08-28,9327936280,Chennai
323,Rohit Reddy,Male,1991-04-04,9488735566,Pune
324,Kavya Reddy,Female,1995-01-07,9689449582,Bengaluru
325,Anjali Kumar,Female,1997-03-22,9831447538,Pune
326,Kavya Patel,Female,2001-03-27,9257495172,Hyderabad
327,Isha Mehta,Female,2009-07-09,9605158899,Indore
328,Rohit Kumar,Male,1990-05-25,9436229862,Chennai
329,Kavya Patel,Female,2007-08-20,9793058430,Kolkata
330,Isha Verma,Female,2005-10-25,9605038095,Kolkata
331,Kavya Patel,Female,2001-11-26,9104859908,Jaipur
332,Amit Reddy,Male,2009-02-15,9164179108,Delhi
333,Ravi Verma,Male,2007-08-30,9360597649,Bengaluru
334,Anjali Sharma,Female,1993-01-16,9465332382,Hyderabad
335,Ankit Das,Male,2000-02-26,9287406856,Bengaluru
336,Suresh Singh,Male,2004-01-22,9665075741,Chennai
337,Nisha Verma,Female,2003-09-08,9227743009,Lucknow
338,Kunal Kumar,Male,2009-03-02,9975610737,Chennai
339,Pooja Singh,Female,2006-07-23,9301248369,Lucknow
340,Amit Verma,Male,1993-01-18,9188313080,Bengaluru
341,Ankit Singh,Male,2002-06-09,9713853081,Mumbai
342,Aditya Das,Male,2000-11-16,9423213735,Hyderabad
343,Priya Mehta,Female,2008-09-16,9342051466,Jaipur
344,Kunal Gupta,Male,2009-12-23,9287627076,Mumbai
345,Ankit Verma,Male,1998-12-25,9981475901,Hyderabad
346,Rohit Mehta,Male,2009-12-18,9990208892,Delhi
347,Aditya Gupta,Male,2005-04-27,9797032834,Kolkata
348,Anjali Reddy,Female,1992-12-13,9125006827,Delhi
349,Pooja Verma,Female,2004-12-27,9370419668,Indore
350,Vikas Singh,Male,1992-05-03,9129228197,Bengaluru
351,Neha Singh,Female,2000-05-05,9341716278,Chennai
352,Arjun Sharma,Male,1993-09-27,9146852207,Lucknow
353,Amit Das,Male,2008-09-06,9149045221,Mumbai
354,Ravi Patel,Male,1990-01-31,9250912387,Bengaluru
355,Pooja Iyer,Female,2010-03-05,9199092271,Hyderabad
356,Kavya Singh,Female,2006-05-09,9466796098,Bengaluru
357,Kavya Verma,Female,1999-04-07,9125796574,Lucknow
358,Suresh Das,Male,1997-07-27,9519324995,Hyderabad
359,Kavya Sharma,Female,1990-03-01,9665256781,Lucknow
360,Amit Das,Male,2001-06-24,9705274210,Delhi
361,Suresh Kumar,Male,1994-09-26,9393320425,Bengaluru
362,Suresh Kumar,Male,1997-08-16,9211883167,Lucknow
363,Priya Reddy,Female,1995-08-26,9361847864,Hyderabad
364,Suresh Verma,Male,1994-08-11,9230005952,Jaipur
365,Vikas Reddy,Male,2010-01-17,9256295155,Chennai
366,Kavya Gupta,Female,1998-03-02,9628341740,Delhi
367,Ankit Gupta,Male,2005-01-30,9389197976,Bengaluru
368,Rahul Das,Male,1992-01-24,9269216913,Kolkata
369,Kavya Patel,Female,2007-10-23,9714449158,Chennai
370,Amit Kumar,Male,2007-01-23,9451290157,Mumbai
371,Kunal Verma,Male,2008-05-06,9654726353,Bengaluru
372,Rohit Iyer,Male,2002-11-13,9404620716,Hyderabad
373,Ravi Kumar,Male,2001-09-24,9597181028,Kolkata
374,Pooja Das,Female,2003-05-28,9897743875,Lucknow
375,Ankit Das,Male,1990-07-03,9216196576,Indore
376,Pooja Sharma,Female,1998-09-30,9630295635,Mumbai
377,Arjun Kumar,Male,2001-09-19,9271881643,Mumbai
378,Aarti Kumar,Female,1995-01-02,9868694882,Kolkata
379,Kavya Kumar,Female,1996-01-19,9281830905,Lucknow
380,Pooja Mehta,Female,2004-11-30,9690101058,Kolkata
381,Suresh Das,Male,2003-04-06,9592099787,Indore
382,Aarti Kumar,Female,2010-09-18,9798409871,Delhi
383,Ankit Iyer,Male,1997-09-08,9779696421,Chennai
384,Kavya Reddy,Female,2003-05-19,9635271303,Indore
385,Rahul Gupta,Male,2005-11-24,9296177137,Delhi
386,Ravi Reddy,Male,1992-06-17,9119505229,Mumbai
387,Riya Kumar,Female,1992-02-18,9831571043,Mumbai
388,Ankit Verma,Male,1991-11-26,9654942578,Hyderabad
389,Isha Kumar,Female,2006-09-26,9880827632,Mumbai
390,Vikas Gupta,Male,1996-07-13,9263368021,Mumbai
391,Rohit Das,Male,1995-03-07,9325894985,Chennai
392,Vikas Sharma,Male,2001-03-06,9654142760,Chennai
393,Sneha Das,Female,2006-02-23,9633574681,Bengaluru
394,Priya Gupta,Female,1992-06-09,9896558839,Kolkata
395,Kavya Das,Female,1996-10-22,9516592094,Delhi
396,Vikas Gupta,Male,1990-12-15,9558517037,Chennai
397,Kavya Reddy,Female,2009-03-19,9995764052,Mumbai
398,Rahul Gupta,Male,1996-07-31,9688928266,Hyderabad
399,Arjun Singh,Male,1995-11-03,9996493900,Pune
400,Kavya Kumar,Female,1999-08-31,9510402658,Hyderabad
401,Kunal Das,Male,1998-01-09,9548632297,Kolkata
402,Kunal Reddy,Male,1998-01-01,9385907710,Hyderabad
403,Vikas Singh,Male,1999-09-30,9457295968,Indore
404,Pooja Iyer,Female,2000-12-29,9456876622,Kolkata
405,Rohit Gupta,Male,2008-09-11,9896580148,Pune
406,Isha Patel,Female,1992-03-26,9723482406,Hyderabad
407,Vikas Iyer,Male,1991-03-30,9157799750,Hyderabad
408,Suresh Mehta,Male,1994-08-09,9418459220,Delhi
409,Vikas Gupta,Male,1995-07-09,9133035214,Delhi
410,Vikas Reddy,Male,1990-08-04,9939128246,Lucknow
411,Suresh Gupta,Male,2000-04-15,9170889866,Kolkata
412,Ankit Reddy,Male,1995-09-17,9864723793,Mumbai
413,Priya Gupta,Female,2010-07-26,9185098545,Chennai
414,Anjali Patel,Female,2006-05-22,9167038966,Lucknow
415,Anjali Mehta,Female,2006-09-04,9882110507,Jaipur
416,Pooja Gupta,Female,1992-12-14,9993164762,Lucknow
417,Vikas Verma,Male,2007-11-08,9368317090,Indore
418,Neha Das,Female,2003-12-01,9667722054,Chennai
419,Aarti Kumar,Female,2008-07-17,9567028488,Mumbai
420,Kavya Mehta,Female,2000-11-09,9229136997,Mumbai
421,Riya Sharma,Female,1994-12-18,9263939543,Hyderabad
422,Rohit Kumar,Male,1994-03-04,9134832709,Pune
423,Kunal Sharma,Male,1991-09-25,9434892420,Jaipur
424,Isha Das,Female,1995-12-09,9429904582,Delhi
425,Kunal Sharma,Male,1991-04-06,9488683132,Delhi
426,Anjali Gupta,Female,1990-11-16,9168851820,Indore
427,Priya Das,Female,2000-02-12,9399462667,Lucknow
428,Kavya Verma,Female,2009-07-13,9840179558,Chennai
429,Nisha Iyer,Female,2002-01-21,9410400041,Bengaluru
430,Nisha Reddy,Female,1994-10-06,9367035887,Lucknow
431,Pooja Iyer,Female,1997-01-06,9599246949,Mumbai
432,Neha Kumar,Female,2004-11-22,9599220324,Jaipur
433,Amit Kumar,Male,2000-07-06,9477880061,Kolkata
434,Kunal Reddy,Male,2001-04-26,9870226666,Lucknow
435,Nisha Gupta,Female,1990-02-28,9866380538,Bengaluru
436,Neha Kumar,Female,1991-02-25,9158606174,Mumbai
437,Isha Reddy,Female,1994-02-06,9610322435,Indore
438,Priya Iyer,Female,1993-04-10,9329144986,Pune
439,Sneha Patel,Female,1997-08-12,9258713411,Lucknow
440,Aarti Das,Female,2008-09-05,9534993483,Pune
441,Anjali Singh,Female,1994-12-11,9122711321,Hyderabad
442,Nisha Iyer,Female,2004-10-27,9270569542,Kolkata
443,Rahul Sharma,Male,2006-11-14,9342637572,Chennai
444,Anjali Das,Female,2002-05-26,9839416161,Jaipur
445,Sneha Gupta,Female,1991-11-03,9123106297,Indore
446,Aditya Mehta,Male,1998-03-10,9706929654,Indore
447,Aditya Verma,Male,1990-07-29,9228413302,Bengaluru
448,Amit Kumar,Male,2008-01-28,9248894616,Indore
449,Kunal Iyer,Male,1994-03-11,9965493100,Kolkata
450,Anjali Singh,Female,1998-11-12,9339209930,Pune
451,Riya Iyer,Female,1995-06-07,9795964223,Bengaluru
452,Arjun Sharma,Male,2008-05-21,9242587939,Kolkata
453,Nisha Reddy,Female,2006-10-22,9281779832,Delhi
454,Vikas Singh,Male,1995-01-03,9789057923,Kolkata
455,Rohit Kumar,Male,2001-04-13,9257799504,Mumbai
456,Nisha Patel,Female,1992-01-13,9108011521,Hyderabad
457,Isha Mehta,Female,1996-01-12,9264847427,Pune
458,Suresh Reddy,Male,2009-04-11,9930054141,Bengaluru
459,Aditya Iyer,Male,2007-12-04,9838759523,Lucknow
460,Neha Singh,Female,1992-04-12,9387825084,Mumbai
461,Riya Mehta,Female,1997-12-12,9189675552,Bengaluru
462,Ravi Singh,Male,1993-03-09,9830610647,Indore
463,Aarti Kumar,Female,1990-11-20,9526446141,Lucknow
464,Isha Singh,Female,2007-03-21,9564704189,Chennai
465,Nisha Kumar,Female,1999-03-21,9821912319,Delhi
466,Isha Iyer,Female,1990-04-28,9867728072,Mumbai
467,Pooja Patel,Female,1990-08-04,9271299625,Indore
468,Anjali Kumar,Female,2010-05-08,9586061632,Pune
469,Amit Kumar,Male,1991-06-17,9207012429,Kolkata
470,Vikas Sharma,Male,1991-06-07,9965165086,Hyderabad
471,Kunal Sharma,Male,1992-11-14,9285633047,Indore
472,Priya Iyer,Female,2002-05-16,9847640796,Bengaluru
473,Rahul Gupta,Male,1990-03-02,9140426470,Lucknow
474,Kavya Patel,Female,1992-11-28,9619587651,Jaipur
475,Kunal Kumar,Male,1996-10-12,9312872610,Hyderabad
476,Riya Singh,Female,1993-01-25,9138938827,Delhi
477,Ankit Reddy,Male,2004-03-20,9834969783,Jaipur
478,Aditya Kumar,Male,1990-02-10,9562111232,Pune
479,Isha Sharma,Female,2002-01-30,9204813208,Delhi
480,Kunal Verma,Male,2008-01-30,9526473253,Kolkata
481,Isha Sharma,Female,2005-08-02,9483667437,Kolkata
482,Anjali Das,Female,2009-02-25,9442994579,Lucknow
483,Vikas Reddy,Male,1990-07-19,9941276669,Lucknow
484,Priya Kumar,Female,2000-11-24,9484422861,Lucknow
485,Ankit Kumar,Male,2003-07-17,9787065077,Pune
486,Kunal Reddy,Male,2002-11-10,9330413629,Pune
487,Priya Patel,Female,2003-03-03,9362719188,Hyderabad
488,Isha Reddy,Female,1999-11-30,9490127969,Kolkata
489,Arjun Iyer,Male,2006-03-03,9218729612,Chennai
490,Arjun Sharma,Male,2008-12-18,9988248883,Mumbai
491,Pooja Patel,Female,2001-03-18,9328185255,Bengaluru
492,Arjun Gupta,Male,2005-11-26,9360241673,Lucknow
493,Rohit Reddy,Male,2008-08-19,9663793961,Lucknow
494,Nisha Verma,Female,2005-09-21,9484000943,Indore
495,Aarti Reddy,Female,1993-02-28,9446708216,Lucknow
496,Rohit Reddy,Male,1992-07-21,9773343259,Jaipur
497,Nisha Mehta,Female,1994-08-27,9474884684,Pune
498,Riya Gupta,Female,2007-07-30,9410347427,Indore
499,Ravi Patel,Male,2002-05-23,9822361268,Hyderabad
500,Amit Reddy,Male,1993-05-04,9413143471,Indore
501,Aarti Kumar,Female,1990-03-03,9765904341,Pune
502,Ankit Das,Male,2009-04-23,9322840489,Bengaluru
503,Vikas Patel,Male,1990-10-04,9281921715,Jaipur
504,Vikas Patel,Male,1993-07-03,9398153915,Mumbai
505,Rohit Patel,Male,2004-05-11,9293313315,Jaipur
506,Aarti Verma,Female,1990-11-15,9237898171,Bengaluru
507,Rohit Mehta,Male,1997-04-03,9145069486,Mumbai
508,Priya Gupta,Female,1999-11-12,9342484899,Pune
509,Aarti Sharma,Female,2000-07-11,9968262485,Hyderabad
510,Arjun Sharma,Male,1992-12-13,9426196451,Delhi
511,Pooja Reddy,Female,1990-10-20,9722631635,Jaipur
512,Arjun Patel,Male,2010-11-19,9542935655,Chennai
513,Aarti Mehta,Female,2008-03-13,9502064139,Kolkata
514,Suresh Patel,Male,1996-04-28,9125138980,Pune
515,Aditya Gupta,Male,2002-03-01,9499449100,Kolkata
516,Rahul Kumar,Male,1998-09-15,9230375310,Lucknow
517,Arjun Iyer,Male,1997-03-01,9340883596,Pune
518,Pooja Kumar,Female,2005-10-11,9261166436,Mumbai
519,Aditya Singh,Male,1999-07-04,9529289551,Delhi
520,Suresh Singh,Male,1998-12-21,9390635687,Lucknow
521,Nisha Mehta,Female,2009-02-10,9324779368,Lucknow
522,Aarti Iyer,Female,2002-11-07,9399268195,Kolkata
523,Pooja Kumar,Female,1992-11-19,9893108677,Lucknow
524,Neha Mehta,Female,1999-06-30,9214034362,Delhi
525,Rohit Kumar,Male,1995-11-14,9817547717,Pune
526,Vikas Reddy,Male,1995-10-23,9334624482,Chennai
527,Anjali Reddy,Female,1994-06-09,9735304670,Bengaluru
528,Kavya Singh,Female,2008-12-18,9384174822,Mumbai
529,Anjali Patel,Female,1999-01-30,9565369020,Kolkata
530,Ankit Reddy,Male,1995-04-29,9257811816,Delhi
531,Ravi Mehta,Male,2010-09-13,9920810677,Pune
532,Kavya Sharma,Female,2003-05-27,9687551703,Indore
533,Nisha Mehta,Female,2008-03-28,9614005026,Jaipur
534,Aditya Verma,Male,2007-04-23,9422775120,Kolkata
535,Sneha Verma,Female,2002-02-14,9633219525,Kolkata
536,Suresh Kumar,Male,1993-12-02,9954215845,Indore
537,Vikas Mehta,Male,1992-08-24,9887498981,Indore
538,Kavya Verma,Female,2007-08-01,9921516327,Mumbai
539,Rohit Das,Male,1992-02-18,9390439481,Hyderabad
540,Anjali Verma,Female,2008-01-26,9245137454,Jaipur
541,Amit Reddy,Male,1994-09-18,9272449325,Lucknow
542,Vikas Kumar,Male,2002-07-06,9167441473,Pune
543,Aarti Singh,Female,2002-01-08,9863585870,Chennai
544,Neha Verma,Female,2002-12-24,9153606737,Delhi
545,Rahul Mehta,Male,1992-09-16,9573333187,Jaipur
546,Priya Gupta,Female,2009-03-18,9386032024,Delhi
547,Aditya Reddy,Male,2010-04-08,9197205236,Indore
548,Suresh Das,Male,2006-09-22,9172070355,Pune
549,Sneha Verma,Female,2000-12-30,9222589267,Kolkata
550,Riya Reddy,Female,2005-10-30,9185565516,Kolkata
551,Riya Mehta,Female,2008-12-06,9610148963,Lucknow
552,Pooja Reddy,Female,2002-07-07,9160271511,Lucknow
553,Isha Patel,Female,1991-10-10,9169643993,Jaipur
554,Priya Iyer,Female,2000-08-02,9717284443,Chennai
555,Suresh Mehta,Male,2003-08-30,9437844586,Kolkata
556,Rahul Singh,Male,1990-01-19,9677143499,Delhi
557,Ravi Verma,Male,2009-03-15,9474149818,Jaipur
558,Suresh Singh,Male,1994-10-07,9521337374,Indore
559,Nisha Gupta,Female,2004-06-07,9246068805,Indore
560,Ankit Mehta,Male,2004-02-14,9732347371,Bengaluru
561,Ankit Singh,Male,1991-10-16,9758096223,Delhi
562,Amit Gupta,Male,2007-08-07,9899219066,Delhi
563,Sneha Reddy,Female,2009-09-22,9304497670,Pune
564,Priya Kumar,Female,2007-10-11,9392891068,Kolkata
565,Neha Kumar,Female,1994-08-07,9212190640,Indore
566,Isha Das,Female,1993-01-08,9945427439,Jaipur
567,Vikas Gupta,Male,2004-10-26,9167751797,Indore
568,Nisha Gupta,Female,2010-05-30,9677761609,Mumbai
569,Priya Singh,Female,1991-01-25,9915841953,Jaipur
570,Anjali Patel,Female,1997-10-01,9368897184,Kolkata
571,Kunal Mehta,Male,1994-08-21,9898320607,Pune
572,Ravi Verma,Male,1996-10-29,9211401615,Lucknow
573,Rahul Das,Male,2000-07-15,9657906222,Chennai
574,Sneha Mehta,Female,2009-02-22,9278001334,Lucknow
575,Amit Reddy,Male,2001-04-17,9870223788,Pune
576,Arjun Singh,Male,2002-04-01,9379514332,Mumbai
577,Aarti Iyer,Female,2008-07-27,9382904778,Kolkata
578,Ankit Gupta,Male,1993-03-14,9941104851,Hyderabad
579,Sneha Sharma,Female,2001-08-07,9808916797,Lucknow
580,Ravi Sharma,Male,2006-08-07,9141302036,Bengaluru
581,Kavya Kumar,Female,1998-04-20,9613752584,Chennai
582,Nisha Singh,Female,2006-06-21,9303987585,Kolkata
583,Amit Mehta,Male,1996-01-13,9722232397,Lucknow
584,Aarti Verma,Female,2000-10-03,9706249875,Hyderabad
585,Rohit Sharma,Male,1995-01-21,9922568507,Jaipur
586,Riya Gupta,Female,1995-11-27,9801362943,Hyderabad
587,Vikas Verma,Male,2010-06-16,9681555131,Indore
588,Vikas Iyer,Male,1992-05-31,9192895568,Chennai
589,Ankit Sharma,Male,2003-03-13,9506630597,Kolkata
590,Amit Sharma,Male,1998-03-25,9900350764,Pune
591,Kunal Gupta,Male,1991-02-24,9647038341,Bengaluru
592,Priya Reddy,Female,1993-06-09,9298678076,Mumbai
593,Rahul Singh,Male,2000-12-06,9485297071,Chennai
594,Neha Das,Female,1992-12-03,9726627687,Chennai
595,Isha Verma,Female,1990-03-31,9678073575,Indore
596,Pooja Kumar,Female,1998-06-14,9268961935,Bengaluru
597,Neha Gupta,Female,1995-08-24,9677008723,Bengaluru
598,Amit Singh,Male,2008-02-08,9594950745,Chennai
599,Riya Singh,Female,2009-12-19,9610971843,Indore
600,Aditya Singh,Male,1991-02-26,9606069151,Indore
601,Rohit Gupta,Male,2003-04-08,9487918280,Delhi
602,Kunal Sharma,Male,2008-02-24,9709827091,Pune
603,Aditya Singh,Male,1995-09-11,9524934714,Kolkata
604,Neha Kumar,Female,2000-02-12,9707658343,Bengaluru
605,Kavya Mehta,Female,1999-06-13,9911973750,Chennai
606,Nisha Sharma,Female,1991-03-13,9578987607,Hyderabad
607,Ankit Sharma,Male,1995-10-26,9211455269,Lucknow
608,Arjun Mehta,Male,2005-07-19,9289242930,Jaipur
609,Anjali Verma,Female,2007-01-11,9899732203,Mumbai
610,Kunal Iyer,Male,2003-08-11,9633948782,Jaipur
611,Isha Reddy,Female,1997-08-26,9291195367,Hyderabad
612,Sneha Sharma,Female,2002-12-12,9851551076,Mumbai
613,Kavya Reddy,Female,2002-05-12,9113749069,Chennai
614,Anjali Reddy,Female,2007-12-17,9135519162,Chennai
615,Ravi Sharma,Male,2002-12-08,9460841749,Mumbai
616,Rahul Kumar,Male,2004-07-16,9246208283,Kolkata
617,Kunal Sharma,Male,1996-04-19,9395190985,Bengaluru
618,Kavya Mehta,Female,1998-01-17,9791161299,Pune
619,Vikas Verma,Male,2000-12-22,9864888523,Chennai
620,Amit Verma,Male,2003-11-18,9499593126,Kolkata
621,Arjun Patel,Male,1992-02-06,9629023008,Jaipur
622,Riya Reddy,Female,2005-05-16,9138236929,Bengaluru
623,Vikas Reddy,Male,2006-01-11,9949694805,Jaipur
624,Neha Sharma,Female,1990-04-14,9128082308,Kolkata
625,Kavya Patel,Female,1992-04-06,9910577204,Bengaluru
626,Riya Kumar,Female,1992-05-07,9734123773,Bengaluru
627,Riya Das,Female,1992-08-23,9932651403,Mumbai
628,Rahul Das,Male,2009-06-19,9128152232,Chennai
629,Aarti Sharma,Female,1999-05-04,9176942430,Mumbai
630,Anjali Verma,Female,2000-09-17,9479121818,Delhi
631,Ankit Sharma,Male,2001-03-13,9281223825,Pune
632,Nisha Patel,Female,1994-03-31,9211026462,Mumbai
633,Anjali Das,Female,2003-05-09,9499929303,Jaipur
634,Isha Reddy,Female,2001-01-26,9556036689,Kolkata
635,Amit Singh,Male,1995-03-04,9139750246,Mumbai
636,Rohit Iyer,Male,2002-11-21,9595397484,Lucknow
637,Arjun Verma,Male,1999-09-28,9564195274,Hyderabad
638,Suresh Patel,Male,1994-04-15,9635866441,Hyderabad
639,Amit Gupta,Male,1997-11-09,9164605699,Chennai
640,Rahul Das,Male,1997-07-19,9323033108,Pune
641,Pooja Patel,Female,1997-12-11,9327789171,Chennai
642,Neha Sharma,Female,1990-11-18,9831914967,Kolkata
643,Rohit Iyer,Male,2000-09-10,9999452962,Pune
644,Priya Patel,Female,1996-01-20,9503852054,Indore
645,Neha Kumar,Female,1995-07-14,9872385770,Bengaluru
646,Pooja Iyer,Female,1992-02-16,9410974281,Indore
647,Isha Singh,Female,2008-04-16,9791243639,Bengaluru
648,Nisha Iyer,Female,2008-01-15,9902843341,Jaipur
649,Aarti Singh,Female,1995-07-12,9830174806,Bengaluru
650,Sneha Das,Female,2003-01-11,9645873912,Delhi
651,Pooja Sharma,Female,1999-02-04,9123449372,Mumbai
652,Rohit Singh,Male,1993-04-02,9427853376,Chennai
653,Priya Verma,Female,1996-03-02,9299785795,Delhi
654,Anjali Reddy,Female,2002-01-09,9569085528,Jaipur
655,Aarti Sharma,Female,1990-05-31,9789594690,Indore
656,Suresh Iyer,Male,2002-02-04,9115696755,Mumbai
657,Rohit Verma,Male,1993-01-27,9433972891,Hyderabad
658,Ravi Singh,Male,1992-07-20,9529691537,Delhi
659,Anjali Mehta,Female,2004-11-18,9329315013,Jaipur
660,Pooja Mehta,Female,2009-06-13,9109089030,Hyderabad
661,Aditya Iyer,Male,1995-10-08,9195567110,Jaipur
662,Isha Kumar,Female,2000-08-28,9536037925,Mumbai
663,Rohit Iyer,Male,2008-03-25,9551346616,Pune
664,Sneha Kumar,Female,2009-12-06,9223502943,Lucknow
665,Priya Patel,Female,1995-11-06,9276381671,Indore
666,Isha Mehta,Female,2001-03-07,9594740555,Chennai
667,Neha Gupta,Female,2005-06-18,9278611226,Pune
668,Kunal Reddy,Male,1994-06-10,9391248563,Bengaluru
669,Rohit Sharma,Male,1992-03-02,9294459838,Pune
670,Ravi Das,Male,1992-12-30,9569309521,Pune
671,Isha Mehta,Female,2000-08-08,9424886451,Delhi
672,Rahul Iyer,Male,2000-05-28,9161774812,Mumbai
673,Neha Das,Female,2004-07-31,9532093186,Jaipur
674,Sneha Patel,Female,2004-09-13,9832858690,Mumbai
675,Anjali Mehta,Female,1999-11-09,9791404877,Chennai
676,Kavya Verma,Female,2004-08-02,9834907309,Lucknow
677,Pooja Kumar,Female,2004-08-06,9883325660,Lucknow
678,Vikas Kumar,Male,2002-09-29,9790019004,Hyderabad
679,Nisha Iyer,Female,1997-01-10,9811030425,Delhi
680,Rahul Mehta,Male,2002-08-03,9101357661,Indore
681,Vikas Singh,Male,1999-01-23,9385841608,Hyderabad
682,Arjun Gupta,Male,2003-01-19,9527342420,Jaipur
683,Ankit Reddy,Male,1990-04-15,9587611124,Bengaluru
684,Amit Gupta,Male,2004-08-15,9117023411,Pune
685,Amit Kumar,Male,1996-10-03,9861271592,Hyderabad
686,Kunal Gupta,Male,1991-04-16,9999802026,Indore
687,Kavya Iyer,Female,2003-10-29,9622376427,Lucknow
688,Suresh Gupta,Male,2007-02-25,9651435804,Delhi
689,Ankit Verma,Male,1998-05-01,9939024696,Lucknow
690,Aditya Reddy,Male,1995-12-06,9702599500,Kolkata
691,Rahul Mehta,Male,2000-08-29,9928494761,Bengaluru
692,Vikas Das,Male,2006-11-30,9775168051,Delhi
693,Suresh Kumar,Male,2010-09-14,9220759391,Bengaluru
694,Neha Reddy,Female,2000-02-21,9358265291,Lucknow
695,Ravi Reddy,Male,1997-08-31,9744377500,Bengaluru
696,Ankit Das,Male,2003-09-18,9244577355,Lucknow
697,Sneha Kumar,Female,2005-03-24,9725645224,Delhi
698,Neha Reddy,Female,1990-05-14,9576817957,Lucknow
699,Sneha Iyer,Female,1994-07-21,9585024517,Delhi
700,Amit Singh,Male,1994-09-06,9514354362,Chennai
701,Rahul Gupta,Male,1994-10-30,9626587518,Pune
702,Nisha Singh,Female,2010-10-04,9184804260,Kolkata
703,Nisha Singh,Female,2003-05-29,9939085504,Delhi
704,Suresh Sharma,Male,1993-08-23,9625436359,Jaipur
705,Anjali Patel,Female,1994-01-12,9102500022,Chennai
706,Priya Sharma,Female,1991-10-21,9859258262,Kolkata
707,Rohit Gupta,Male,1998-12-19,9636778521,Jaipur
708,Ravi Verma,Male,2008-12-07,9568291550,Chennai
709,Aarti Mehta,Female,1994-10-26,9356354618,Chennai
710,Arjun Singh,Male,2004-03-08,9130361541,Bengaluru
711,Neha Reddy,Female,1990-07-07,9237370017,Hyderabad
712,Pooja Gupta,Female,2005-08-08,9295618145,Indore
713,Kunal Singh,Male,1993-07-09,9889895774,Delhi
714,Kavya Patel,Female,1992-11-14,9418730780,Lucknow
715,Ankit Mehta,Male,2003-11-07,9564262780,Lucknow
716,Aarti Reddy,Female,2007-02-02,9713874957,Jaipur
717,Rohit Singh,Male,2008-10-06,9736195091,Pune
718,Kunal Mehta,Male,1997-12-20,9201132663,Kolkata
719,Pooja Singh,Female,1994-12-03,9234721765,Indore
720,Vikas Mehta,Male,1994-05-30,9739484175,Delhi
721,Ravi Gupta,Male,1998-04-16,9255846669,Bengaluru
722,Rohit Gupta,Male,1997-07-27,9534257843,Jaipur
723,Arjun Sharma,Male,2003-02-18,9466763454,Mumbai
724,Kunal Sharma,Male,1997-06-01,9767883353,Lucknow
725,Vikas Patel,Male,2007-04-19,9705574929,Pune
726,Arjun Kumar,Male,2005-01-06,9169232714,Mumbai
727,Rohit Singh,Male,2000-07-15,9129003371,Hyderabad
728,Kavya Reddy,Female,2009-08-05,9410528730,Chennai
729,Ravi Iyer,Male,2010-11-05,9792429514,Bengaluru
730,Kunal Iyer,Male,2005-04-01,9736515667,Chennai
731,Ankit Singh,Male,2005-04-06,9902491096,Indore
732,Pooja Reddy,Female,1999-11-20,9519244458,Indore
733,Vikas Kumar,Male,2010-03-28,9794777642,Kolkata
734,Pooja Patel,Female,1990-05-19,9548291701,Delhi
735,Ankit Reddy,Male,1996-05-08,9755419193,Lucknow
736,Isha Verma,Female,1993-04-14,9517968959,Pune
737,Sneha Gupta,Female,1997-05-15,9238435847,Delhi
738,Pooja Verma,Female,1994-06-06,9189016800,Chennai
739,Sneha Verma,Female,2009-03-31,9835080532,Indore
740,Sneha Das,Female,1994-11-01,9657606190,Hyderabad
741,Ankit Sharma,Male,1999-10-24,9883702822,Delhi
742,Kunal Singh,Male,2000-10-28,9633857339,Mumbai
743,Nisha Reddy,Female,1996-03-07,9511690886,Chennai
744,Suresh Reddy,Male,2005-11-23,9395804982,Indore
745,Neha Gupta,Female,1997-01-04,9666901388,Jaipur
746,Vikas Gupta,Male,1993-07-16,9747263268,Bengaluru
747,Ravi Kumar,Male,1991-09-07,9301575724,Delhi
748,Aarti Das,Female,1996-04-04,9603499887,Pune
749,Sneha Singh,Female,1997-10-21,9349806949,Pune
750,Pooja Sharma,Female,2009-10-13,9988438338,Chennai
751,Ravi Reddy,Male,2003-02-28,9779175020,Jaipur
752,Priya Gupta,Female,2009-02-01,9690904033,Jaipur
753,Anjali Sharma,Female,2007-12-09,9173131428,Lucknow
754,Amit Gupta,Male,1994-04-19,9438935054,Kolkata
755,Rohit Singh,Male,2005-12-26,9960176666,Jaipur
756,Pooja Das,Female,2001-01-25,9262169916,Chennai
757,Anjali Gupta,Female,2006-03-05,9106004301,Jaipur
758,Kavya Das,Female,2000-05-20,9138753452,Jaipur
759,Rahul Gupta,Male,2005-02-26,9891366384,Pune
760,Vikas Das,Male,2006-12-10,9679668291,Indore
761,Isha Verma,Female,1995-09-06,9549770902,Jaipur
762,Nisha Verma,Female,2007-04-13,9878931386,Hyderabad
763,Ravi Reddy,Male,2006-02-28,9930932896,Lucknow
764,Kavya Reddy,Female,2010-07-27,9698413391,Kolkata
765,Priya Sharma,Female,2008-10-19,9826397573,Bengaluru
766,Sneha Kumar,Female,1996-06-22,9684538576,Lucknow
767,Neha Sharma,Female,2001-11-22,9887638223,Chennai
768,Ravi Kumar,Male,2006-09-06,9837482227,Kolkata
769,Kavya Iyer,Female,1999-12-09,9372778398,Lucknow
770,Suresh Iyer,Male,2010-04-10,9402913780,Bengaluru
771,Amit Patel,Male,1992-05-16,9464077983,Pune
772,Isha Verma,Female,2007-05-28,9755208883,Bengaluru
773,Ravi Reddy,Male,2008-07-12,9826251028,Jaipur
774,Neha Sharma,Female,2004-04-19,9550250155,Lucknow
775,Ravi Mehta,Male,2003-02-24,9109326899,Pune
776,Riya Kumar,Female,1999-10-14,9317892769,Indore
777,Suresh Das,Male,1992-05-16,9532599333,Jaipur
778,Nisha Patel,Female,2003-01-04,9986147332,Chennai
779,Suresh Singh,Male,2008-05-25,9347355112,Mumbai
780,Sneha Singh,Female,2003-06-10,9990146215,Delhi
781,Riya Sharma,Female,1993-11-06,9846140649,Indore
782,Priya Reddy,Female,1995-12-04,9742724794,Pune
783,Rahul Verma,Male,1994-05-10,9339330803,Indore
784,Anjali Kumar,Female,1998-03-12,9622748181,Indore
785,Isha Reddy,Female,2007-05-27,9989944208,Kolkata
786,Priya Singh,Female,2002-07-03,9293424276,Indore
787,Neha Kumar,Female,1990-05-20,9685695727,Bengaluru
788,Aditya Gupta,Male,2006-12-19,9672585031,Pune
789,Arjun Singh,Male,2002-09-03,9782375901,Jaipur
790,Isha Mehta,Female,2007-07-16,9416880164,Jaipur
791,Kunal Patel,Male,1993-04-14,9750838207,Delhi
792,Pooja Gupta,Female,2008-04-11,9714245968,Hyderabad
793,Isha Kumar,Female,2003-09-23,9206051914,Hyderabad
794,Aarti Verma,Female,2007-04-29,9186251089,Hyderabad
795,Kavya Das,Female,2005-04-09,9383916648,Bengaluru
796,Kunal Singh,Male,1996-02-02,9853110648,Mumbai
797,Anjali Iyer,Female,1991-11-03,9744065754,Kolkata
798,Aarti Singh,Female,2010-11-19,9899333137,Kolkata
799,Aditya Das,Male,1991-06-26,9113920881,Mumbai
800,Sneha Mehta,Female,2006-09-11,9272063850,Delhi
801,Kunal Das,Male,2009-03-30,9634846355,Hyderabad
802,Amit Sharma,Male,1997-11-26,9500856403,Lucknow
803,Neha Patel,Female,2003-06-29,9730074446,Hyderabad
804,Rohit Gupta,Male,2000-12-08,9970012846,Chennai
805,Priya Das,Female,1995-12-02,9430757363,Chennai
806,Kavya Verma,Female,1990-09-05,9777256567,Indore
807,Pooja Gupta,Female,1993-11-25,9149099458,Indore
808,Anjali Verma,Female,2005-10-11,9777916097,Lucknow
809,Kunal Sharma,Male,2000-02-16,9941255935,Jaipur
810,Rohit Singh,Male,1996-08-24,9982496984,Pune
811,Rohit Reddy,Male,2009-08-22,9453484552,Jaipur
812,Aarti Iyer,Female,2005-10-20,9969106558,Kolkata
813,Suresh Gupta,Male,1993-02-15,9828612445,Kolkata
814,Arjun Verma,Male,1997-04-20,9673500750,Kolkata
815,Suresh Patel,Male,2005-04-11,9150660914,Kolkata
816,Rahul Mehta,Male,2006-02-04,9995039272,Kolkata
817,Riya Mehta,Female,2001-04-06,9867685857,Lucknow
818,Anjali Patel,Female,2002-12-26,9806610924,Mumbai
819,Neha Mehta,Female,2000-09-09,9469869408,Jaipur
820,Sneha Patel,Female,2005-09-10,9805994758,Mumbai
821,Arjun Iyer,Male,1996-11-16,9465859535,Bengaluru
822,Ravi Gupta,Male,2009-08-06,9306046767,Hyderabad
823,Anjali Verma,Female,2008-02-07,9785345750,Lucknow
824,Rohit Sharma,Male,1996-09-02,9695753312,Lucknow
825,Anjali Reddy,Female,2010-11-12,9631213697,Jaipur
826,Amit Kumar,Male,2006-11-08,9762488794,Chennai
827,Ravi Patel,Male,2010-03-20,9284916607,Jaipur
828,Rohit Das,Male,2004-03-21,9557497109,Hyderabad
829,Nisha Iyer,Female,2000-03-19,9815915095,Bengaluru
830,Aarti Singh,Female,1997-03-02,9759349563,Mumbai
831,Pooja Verma,Female,2009-01-06,9368348175,Hyderabad
832,Ravi Verma,Male,2007-10-24,9460604463,Kolkata
833,Anjali Iyer,Female,1993-02-06,9717122120,Kolkata
834,Ravi Patel,Male,1992-11-24,9706823541,Delhi
835,Isha Iyer,Female,1996-11-26,9627260420,Lucknow
836,Amit Mehta,Male,1998-05-26,9960128258,Pune
837,Priya Kumar,Female,2003-09-24,9914295980,Indore
838,Anjali Reddy,Female,1997-06-09,9781309291,Indore
839,Sneha Patel,Female,2004-08-07,9970109743,Mumbai
840,Aditya Kumar,Male,2008-11-23,9980591366,Hyderabad
841,Kavya Verma,Female,2006-02-24,9400972535,Jaipur
842,Aarti Verma,Female,2003-04-12,9602656495,Jaipur
843,Sneha Verma,Female,1992-07-26,9590729171,Kolkata
844,Ravi Mehta,Male,2003-09-09,9179446937,Mumbai
845,Neha Gupta,Female,2005-09-12,9944894793,Indore
846,Suresh Kumar,Male,2005-07-10,9604114104,Pune
847,Ravi Iyer,Male,2008-12-20,9665391623,Indore
848,Anjali Reddy,Female,2005-05-04,9680934587,Indore
849,Pooja Reddy,Female,2005-10-02,9524573057,Lucknow
850,Pooja Verma,Female,1991-03-12,9132258271,Indore
851,Kunal Kumar,Male,1999-12-19,9605352058,Kolkata
852,Vikas Das,Male,2000-09-03,9558822260,Delhi
853,Vikas Verma,Male,1996-11-13,9578124570,Hyderabad
854,Arjun Gupta,Male,1990-05-10,9466538138,Kolkata
855,Riya Sharma,Female,1997-04-04,9386681671,Chennai
856,Pooja Das,Female,1997-06-26,9772837246,Pune
857,Aditya Kumar,Male,1997-08-05,9441013783,Pune
858,Riya Kumar,Female,2007-05-31,9915865649,Hyderabad
859,Neha Reddy,Female,1995-04-19,9718499297,Mumbai
860,Ankit Sharma,Male,1992-12-17,9560844455,Bengaluru
861,Pooja Singh,Female,2003-07-04,9630942506,Pune
862,Sneha Verma,Female,2004-10-05,9116499658,Indore
863,Aarti Mehta,Female,1993-09-14,9315614278,Indore
864,Rahul Singh,Male,2002-03-17,9987071550,Chennai
865,Neha Verma,Female,1994-11-01,9817811517,Mumbai
866,Ankit Patel,Male,2003-05-02,9728355232,Bengaluru
867,Kavya Kumar,Female,1995-03-19,9478601786,Kolkata
868,Vikas Reddy,Male,2000-04-01,9801889568,Chennai
869,Ankit Kumar,Male,1999-05-07,9327444944,Delhi
870,Nisha Mehta,Female,1994-03-05,9466830937,Hyderabad
871,Ankit Iyer,Male,2003-07-08,9958376514,Hyderabad
872,Pooja Mehta,Female,1994-06-13,9956503649,Kolkata
873,Priya Reddy,Female,1994-08-02,9587081066,Delhi
874,Aditya Sharma,Male,2007-04-06,9376568059,Jaipur
875,Neha Singh,Female,1995-12-30,9345078105,Jaipur
876,Rahul Reddy,Male,2001-09-19,9645781939,Chennai
877,Sneha Gupta,Female,2002-03-31,9213859319,Chennai
878,Arjun Verma,Male,1996-06-02,9635694321,Delhi
879,Sneha Sharma,Female,2002-05-04,9672697842,Delhi
880,Ravi Reddy,Male,2000-09-25,9754411998,Pune
881,Suresh Reddy,Male,1995-01-20,9352126378,Jaipur
882,Kavya Kumar,Female,2008-07-12,9744957991,Delhi
883,Kavya Verma,Female,2002-11-29,9482248499,Bengaluru
884,Anjali Sharma,Female,1992-08-10,9393138847,Jaipur
885,Kavya Iyer,Female,2007-03-30,9824756181,Mumbai
886,Riya Singh,Female,2006-11-17,9732004839,Pune
887,Priya Sharma,Female,1995-12-22,9597841473,Jaipur
888,Isha Singh,Female,1999-11-19,9213787241,Hyderabad
889,Sneha Singh,Female,1998-03-29,9302990212,Hyderabad
890,Anjali Verma,Female,1998-09-27,9182992136,Mumbai
891,Ankit Gupta,Male,1991-01-17,9129419175,Jaipur
892,Kavya Singh,Female,2006-01-07,9357790800,Delhi
893,Sneha Reddy,Female,2002-08-08,9804696302,Pune
894,Pooja Gupta,Female,2006-11-22,9341697332,Indore
895,Aditya Das,Male,2000-06-07,9685379580,Indore
896,Ravi Gupta,Male,1991-12-12,9273564541,Pune
897,Rahul Iyer,Male,1991-08-20,9277742338,Hyderabad
898,Isha Reddy,Female,1998-03-23,9313325736,Lucknow
899,Kavya Iyer,Female,2003-02-24,9726515828,Chennai
900,Isha Verma,Female,2004-02-27,9751042131,Chennai
901,Riya Singh,Female,2005-03-27,9168506496,Delhi
902,Kunal Mehta,Male,1992-01-29,9820650210,Hyderabad
903,Kavya Patel,Female,2006-03-28,9422436766,Indore
904,Aditya Kumar,Male,1997-03-28,9368661097,Bengaluru
905,Anjali Sharma,Female,1993-08-31,9788640408,Hyderabad
906,Ankit Mehta,Male,2003-11-26,9218662815,Pune
907,Ankit Sharma,Male,1995-12-19,9503121696,Bengaluru
908,Neha Gupta,Female,1998-02-19,9334267060,Delhi
909,Nisha Sharma,Female,2006-11-25,9639299069,Delhi
910,Rahul Verma,Male,1998-11-02,9567236462,Lucknow
911,Isha Patel,Female,2003-01-15,9152791919,Lucknow
912,Neha Iyer,Female,2005-04-27,9840799412,Delhi
913,Sneha Verma,Female,2003-05-18,9595254339,Bengaluru
914,Isha Verma,Female,2008-11-14,9194481685,Kolkata
915,Ankit Kumar,Male,2005-10-18,9225547048,Indore
916,Aditya Gupta,Male,1998-11-29,9723995916,Indore
917,Ravi Verma,Male,1998-12-22,9508206226,Delhi
918,Priya Kumar,Female,1994-03-19,9973314613,Kolkata
919,Rohit Gupta,Male,2006-12-23,9969987020,Pune
920,Pooja Das,Female,1990-10-31,9308538110,Chennai
921,Priya Mehta,Female,1998-04-19,9114529359,Indore
922,Neha Das,Female,1991-12-01,9101345826,Bengaluru
923,Aarti Reddy,Female,1995-12-15,9307279650,Chennai
924,Pooja Patel,Female,1990-11-15,9876193541,Kolkata
925,Kavya Singh,Female,2009-09-26,9186570827,Jaipur
926,Ankit Verma,Male,2007-06-18,9454907066,Mumbai
927,Pooja Verma,Female,1999-11-28,9357933683,Mumbai
928,Amit Gupta,Male,1999-09-01,9835100470,Pune
929,Rohit Singh,Male,2002-08-16,9313581411,Hyderabad
930,Arjun Das,Male,1993-04-07,9777931902,Mumbai
931,Kavya Iyer,Female,2009-10-12,9790758589,Chennai
932,Suresh Singh,Male,1990-02-08,9950435032,Delhi
933,Riya Gupta,Female,1993-05-13,9921233694,Jaipur
934,Aditya Patel,Male,2010-10-30,9994560276,Jaipur
935,Arjun Das,Male,2009-02-02,9543643208,Lucknow
936,Neha Verma,Female,1999-06-07,9451822928,Kolkata
937,Priya Patel,Female,2010-05-30,9840932170,Chennai
938,Arjun Das,Male,1991-12-02,9386095654,Indore
939,Suresh Verma,Male,1997-07-28,9774322782,Indore
940,Sneha Iyer,Female,1990-11-26,9618485063,Indore
941,Rohit Kumar,Male,1996-10-24,9737598335,Pune
942,Rohit Reddy,Male,1996-03-07,9380576293,Lucknow
943,Arjun Verma,Male,2007-07-27,9803601790,Pune
944,Aditya Mehta,Male,1991-08-05,9665722038,Pune
945,Arjun Patel,Male,1999-03-21,9375083509,Lucknow
946,Riya Patel,Female,2010-02-08,9932230554,Kolkata
947,Rohit Reddy,Male,2006-07-20,9850011922,Indore
948,Riya Patel,Female,1994-07-20,9294018708,Bengaluru
949,Nisha Patel,Female,1995-09-07,9101309356,Bengaluru
950,Vikas Patel,Male,1996-05-09,9558697955,Lucknow
951,Rohit Mehta,Male,1998-08-05,9996620741,Pune
952,Vikas Patel,Male,1997-03-30,9902187741,Chennai
953,Suresh Verma,Male,2004-04-18,9330081965,Mumbai
954,Ankit Das,Male,2000-04-14,9192672464,Indore
955,Isha Patel,Female,1992-07-09,9520278713,Kolkata
956,Riya Patel,Female,1995-05-15,9873079166,Mumbai
957,Ravi Das,Male,2002-06-19,9100200752,Mumbai
958,Rahul Sharma,Male,2005-02-28,9476976694,Mumbai
959,Ravi Gupta,Male,2006-04-01,9982782118,Delhi
960,Riya Patel,Female,2001-12-23,9846881706,Kolkata
961,Riya Patel,Female,1996-11-25,9500703905,Jaipur
962,Neha Reddy,Female,1997-04-29,9735214299,Bengaluru
963,Kavya Das,Female,1993-08-17,9530841394,Pune
964,Amit Sharma,Male,2002-01-03,9327773466,Pune
965,Kunal Verma,Male,1997-11-14,9423694354,Jaipur
966,Pooja Verma,Female,1993-09-04,9189088911,Jaipur
967,Ravi Reddy,Male,1995-08-22,9882561970,Mumbai
968,Priya Singh,Female,1992-05-27,9482178981,Kolkata
969,Rahul Singh,Male,1997-12-08,9397268157,Chennai
970,Kavya Singh,Female,1999-08-04,9876046718,Indore
971,Ankit Das,Male,1998-01-22,9848125434,Delhi
972,Vikas Sharma,Male,1997-12-27,9864261303,Hyderabad
973,Arjun Das,Male,1991-04-19,9594142328,Chennai
974,Neha Singh,Female,2010-03-28,9712601720,Indore
975,Riya Mehta,Female,1994-10-18,9216145776,Hyderabad
976,Isha Mehta,Female,1997-06-16,9921442363,Kolkata
977,Ravi Sharma,Male,2007-01-31,9740203096,Chennai
978,Kavya Kumar,Female,1992-10-28,9809011687,Bengaluru
979,Priya Singh,Female,1991-12-11,9303156187,Jaipur
980,Aarti Verma,Female,2007-02-08,9411280223,Indore
981,Isha Singh,Female,1998-08-29,9162941134,Jaipur
982,Anjali Reddy,Female,2008-10-28,9595403261,Mumbai
983,Vikas Verma,Male,2008-09-28,9225543522,Bengaluru
984,Pooja Sharma,Female,1990-10-19,9998759668,Chennai
985,Neha Reddy,Female,2009-06-21,9307211210,Hyderabad
986,Vikas Mehta,Male,1995-03-10,9513311223,Delhi
987,Ravi Sharma,Male,2001-11-17,9736276797,Hyderabad
988,Priya Sharma,Female,1994-03-28,9267986663,Hyderabad
989,Ankit Gupta,Male,1995-12-12,9730243681,Delhi
990,Pooja Kumar,Female,1992-12-15,9611532199,Mumbai
991,Kavya Gupta,Female,2006-02-24,9300691349,Bengaluru
992,Ravi Verma,Male,1995-03-03,9944667845,Lucknow
993,Rohit Mehta,Male,1997-10-27,9556684764,Delhi
994,Neha Patel,Female,1993-10-13,9277545529,Delhi
995,Isha Iyer,Female,2005-12-02,9457270398,Kolkata
996,Riya Sharma,Female,2001-09-24,9933626012,Hyderabad
997,Arjun Verma,Male,1990-09-18,9661336600,Pune
998,Arjun Patel,Male,1994-07-04,9826387625,Pune
999,Rohit Gupta,Male,2002-03-29,9299212511,Hyderabad
1000,Amit Singh,Male,2001-12-02,9611632967,Mumbai
